{"proxies":{"de.marcbender.clipview.ClipViewModule":{"superPackageName":"org.appcelerator.kroll","superProxyBindingClassName":"org.appcelerator.kroll.KrollModuleBindingGen","proxyClassName":"ClipViewModule","proxyAttrs":{"propertyAccessors":[],"fullAPIName":"ClipView","name":"ClipView","proxyClassName":"de.marcbender.clipview.ClipViewModule","isTopLevel":false,"id":"de.marcbender.clipview"},"packageName":"de.marcbender.clipview","sourceName":"de.marcbender.clipview.ClipViewModuleBindingGen","isTitaniumSdk":false,"superProxyClassName":"KrollModule","isModule":true,"genClassName":"ClipViewModuleBindingGen","onAppCreate":"onAppCreate"},"de.marcbender.clipview.ClipViewProxy":{"superPackageName":"org.appcelerator.titanium.proxy","superProxyBindingClassName":"org.appcelerator.titanium.proxy.TiViewProxyBindingGen","proxyClassName":"ClipViewProxy","proxyAttrs":{"propertyAccessors":[],"fullAPIName":"ClipView.ClipView","name":"ClipView","proxyClassName":"de.marcbender.clipview.ClipViewProxy","isTopLevel":false,"id":"de.marcbender.clipview.ClipViewProxy","creatableInModule":"de.marcbender.clipview.ClipViewModule","parentModule":"org.appcelerator.kroll.annotations.Kroll.DEFAULT"},"packageName":"de.marcbender.clipview","sourceName":"de.marcbender.clipview.ClipViewProxyBindingGen","isTitaniumSdk":false,"superProxyClassName":"TiViewProxy","isModule":false,"genClassName":"ClipViewProxyBindingGen"}},"modules":{"de.marcbender.clipview.ClipViewModule":{"apiName":"ClipView","createProxies":[{"propertyAccessors":[],"fullAPIName":"ClipView.ClipView","name":"ClipView","proxyClassName":"de.marcbender.clipview.ClipViewProxy","isTopLevel":false,"id":"de.marcbender.clipview.ClipViewProxy","creatableInModule":"de.marcbender.clipview.ClipViewModule","parentModule":"org.appcelerator.kroll.annotations.Kroll.DEFAULT"}]}}}